category,limitation,affected_claim,severity,paper_wording,artifact_support
workload_profile,Simulated TEE cost model — not real SGX wall-clock.,other,low,Treat as a limitation in the paper's threat-model section; do not advertise the property it disclaims.,outputs/workload_profile.json
workload_profile,"Wall time for tslp_baseline, ours_ideal, and amulet_style_reference is projected, not measured.",other,low,Treat as a limitation in the paper's threat-model section; do not advertise the property it disclaims.,outputs/workload_profile.json
workload_profile,"tiny-gpt2 (n_layer=2, n_embd=2, n_head=2) is far smaller than production GPT-2.",other,low,Treat as a limitation in the paper's threat-model section; do not advertise the property it disclaims.,outputs/workload_profile.json
workload_profile,FLOP / byte proxies use coarse constants; absolute numbers are illustrative.,other,low,Treat as a limitation in the paper's threat-model section; do not advertise the property it disclaims.,outputs/workload_profile.json
workload_profile,Qwen / Llama not yet covered — see Stage 5.4 roadmap.,full_model_lora_finetune,low,Treat as a limitation in the paper's threat-model section; do not advertise the property it disclaims.,outputs/workload_profile.json
workload_profile,"amulet_style_reference is a reference cost model, not a re-implementation of any published system.",other,low,Treat as a limitation in the paper's threat-model section; do not advertise the property it disclaims.,outputs/workload_profile.json
nonlinear_island_security,"These experiments are security proxies, not formal security proofs.",formal_security,high,Treat as a limitation in the paper's threat-model section; do not advertise the property it disclaims.,outputs/nonlinear_island_security.json
nonlinear_island_security,Compatible mask families are weaker than unrestricted dense masks inside nonlinear islands.,other,low,Treat as a limitation in the paper's threat-model section; do not advertise the property it disclaims.,outputs/nonlinear_island_security.json
nonlinear_island_security,Permutation islands hide channel identity but do not hide coordinate-value multisets.,other,low,Treat as a limitation in the paper's threat-model section; do not advertise the property it disclaims.,outputs/nonlinear_island_security.json
nonlinear_island_security,Orthogonal masks preserve row norms by design.,other,low,Treat as a limitation in the paper's threat-model section; do not advertise the property it disclaims.,outputs/nonlinear_island_security.json
nonlinear_island_security,Mean-preserving orthogonal masks preserve row means and centered norms by design.,other,low,Treat as a limitation in the paper's threat-model section; do not advertise the property it disclaims.,outputs/nonlinear_island_security.json
nonlinear_island_security,Fresh permutation reduces stable statistical recovery but does not provide dense linear mixing.,other,low,Treat as a limitation in the paper's threat-model section; do not advertise the property it disclaims.,outputs/nonlinear_island_security.json
nonlinear_island_security,Dense sandwiching and pad at Linear boundaries are required mitigations.,other,low,Treat as a limitation in the paper's threat-model section; do not advertise the property it disclaims.,outputs/nonlinear_island_security.json
nonlinear_island_security,This stage does not implement adaptive learned inversion attacks.,other,low,Treat as a limitation in the paper's threat-model section; do not advertise the property it disclaims.,outputs/nonlinear_island_security.json
nonlinear_island_security,This stage does not implement real TEE isolation.,real_tee_wall_time,high,Treat as a limitation in the paper's threat-model section; do not advertise the property it disclaims.,outputs/nonlinear_island_security.json
nonlinear_island_security,This stage does not prove semantic security.,formal_security,high,Treat as a limitation in the paper's threat-model section; do not advertise the property it disclaims.,outputs/nonlinear_island_security.json
adaptive_island_attacks,"These are adaptive/proxy attacks, not formal security proofs.",formal_security,high,Treat as a limitation in the paper's threat-model section; do not advertise the property it disclaims.,outputs/adaptive_island_attacks.json
adaptive_island_attacks,"The attacks use synthetic structured channel data, not full real-model activation traces.",other,medium,Treat as a limitation in the paper's threat-model section; do not advertise the property it disclaims.,outputs/adaptive_island_attacks.json
adaptive_island_attacks,No adaptive black-box querying of a deployed LLM is implemented.,other,low,Treat as a limitation in the paper's threat-model section; do not advertise the property it disclaims.,outputs/adaptive_island_attacks.json
adaptive_island_attacks,No side-channel attack is implemented.,hardware_sidechannel_security,low,Treat as a limitation in the paper's threat-model section; do not advertise the property it disclaims.,outputs/adaptive_island_attacks.json
adaptive_island_attacks,No real TEE isolation is evaluated.,real_tee_wall_time,high,Treat as a limitation in the paper's threat-model section; do not advertise the property it disclaims.,outputs/adaptive_island_attacks.json
adaptive_island_attacks,Dense sandwiching reduces tested recovery but does not imply semantic security.,formal_security,high,Treat as a limitation in the paper's threat-model section; do not advertise the property it disclaims.,outputs/adaptive_island_attacks.json
adaptive_island_attacks,Default-on recommendations are conditional on the tested threat model only.,other,low,Treat as a limitation in the paper's threat-model section; do not advertise the property it disclaims.,outputs/adaptive_island_attacks.json
modern_decoder_probe,Compatible mask families are weaker than unrestricted dense masks.,other,low,Treat as a limitation in the paper's threat-model section; do not advertise the property it disclaims.,outputs/modern_decoder_probe.json
modern_decoder_probe,"Fresh permutation, dense sandwiching, and pad at Linear boundaries are required mitigations.",other,low,Treat as a limitation in the paper's threat-model section; do not advertise the property it disclaims.,outputs/modern_decoder_probe.json
modern_decoder_probe,Probe-level migration only — not a full Qwen / TinyLlama wrapper integration.,full_model_lora_finetune,low,Treat as a limitation in the paper's threat-model section; do not advertise the property it disclaims.,outputs/modern_decoder_probe.json
modern_decoder_probe,No Qwen / TinyLlama generation path is implemented.,full_model_lora_finetune,low,Treat as a limitation in the paper's threat-model section; do not advertise the property it disclaims.,outputs/modern_decoder_probe.json
modern_decoder_probe,"GQA / MQA is tensor-level only, not full runtime KV cache integration.",other,medium,Treat as a limitation in the paper's threat-model section; do not advertise the property it disclaims.,outputs/modern_decoder_probe.json
modern_decoder_probe,Compatible islands inherit Stage 5.4 mitigation requirements: fresh permutation + dense sandwich + pad at Linear boundaries.,other,low,Treat as a limitation in the paper's threat-model section; do not advertise the property it disclaims.,outputs/modern_decoder_probe.json
modern_decoder_probe,This is not a real TEE measurement.,real_tee_wall_time,high,Treat as a limitation in the paper's threat-model section; do not advertise the property it disclaims.,outputs/modern_decoder_probe.json
modern_decoder_probe,This is not formal security.,formal_security,high,Treat as a limitation in the paper's threat-model section; do not advertise the property it disclaims.,outputs/modern_decoder_probe.json
real_activation_attacks,"These are real-activation adaptive proxy attacks, not formal security proofs.",formal_security,high,Treat as a limitation in the paper's threat-model section; do not advertise the property it disclaims.,outputs/real_activation_attacks.json
real_activation_attacks,"If synthetic fallback is used, results are not real Qwen/TinyLlama activation traces.",full_model_lora_finetune,low,Treat as a limitation in the paper's threat-model section; do not advertise the property it disclaims.,outputs/real_activation_attacks.json
real_activation_attacks,Random hidden-state block input is not the same as real token distribution unless tokenizer/embedding path is added.,other,low,Treat as a limitation in the paper's threat-model section; do not advertise the property it disclaims.,outputs/real_activation_attacks.json
real_activation_attacks,No black-box query attack is implemented.,other,low,Treat as a limitation in the paper's threat-model section; do not advertise the property it disclaims.,outputs/real_activation_attacks.json
real_activation_attacks,No side-channel attack is implemented.,hardware_sidechannel_security,low,Treat as a limitation in the paper's threat-model section; do not advertise the property it disclaims.,outputs/real_activation_attacks.json
real_activation_attacks,No real TEE isolation is evaluated.,real_tee_wall_time,high,Treat as a limitation in the paper's threat-model section; do not advertise the property it disclaims.,outputs/real_activation_attacks.json
real_activation_attacks,Dense sandwiching reduces tested recovery but does not imply semantic security.,formal_security,high,Treat as a limitation in the paper's threat-model section; do not advertise the property it disclaims.,outputs/real_activation_attacks.json
real_activation_attacks,This stage does not implement full model-level generation or KV cache runtime.,other,low,Treat as a limitation in the paper's threat-model section; do not advertise the property it disclaims.,outputs/real_activation_attacks.json
real_activation_attacks,fresh_perm_only and fresh_perm_plus_sandwich_plus_pad share the same per-call mask sampling under the Stage 6.4b wrapper; the two bundles produce numerically identical traces. fixed_permutation_debug is a debug baseline only — never recommended for deployment.,other,low,Treat as a limitation in the paper's threat-model section; do not advertise the property it disclaims.,outputs/real_activation_attacks.json
real_token_activation_attacks,"These are real-token-prompted adaptive proxy attacks, not formal security proofs.",formal_security,high,Treat as a limitation in the paper's threat-model section; do not advertise the property it disclaims.,outputs/real_token_activation_attacks.json
real_token_activation_attacks,"If synthetic token fallback is used, results are not real tokenizer-driven traces.",other,low,Treat as a limitation in the paper's threat-model section; do not advertise the property it disclaims.,outputs/real_token_activation_attacks.json
real_token_activation_attacks,"If synthetic model fallback is used, results are not real Qwen/TinyLlama traces.",full_model_lora_finetune,low,Treat as a limitation in the paper's threat-model section; do not advertise the property it disclaims.,outputs/real_token_activation_attacks.json
real_token_activation_attacks,Prompt set is small and not representative of all user data.,other,low,Treat as a limitation in the paper's threat-model section; do not advertise the property it disclaims.,outputs/real_token_activation_attacks.json
real_token_activation_attacks,No black-box query attack is implemented.,other,low,Treat as a limitation in the paper's threat-model section; do not advertise the property it disclaims.,outputs/real_token_activation_attacks.json
real_token_activation_attacks,No side-channel attack is implemented.,hardware_sidechannel_security,low,Treat as a limitation in the paper's threat-model section; do not advertise the property it disclaims.,outputs/real_token_activation_attacks.json
real_token_activation_attacks,No real TEE isolation is evaluated.,real_tee_wall_time,high,Treat as a limitation in the paper's threat-model section; do not advertise the property it disclaims.,outputs/real_token_activation_attacks.json
real_token_activation_attacks,Dense sandwiching reduces tested recovery but does not imply semantic security.,formal_security,high,Treat as a limitation in the paper's threat-model section; do not advertise the property it disclaims.,outputs/real_token_activation_attacks.json
real_token_activation_attacks,"This stage only evaluates greedy generation traces, not sampling / beam search / top-k / top-p.",other,low,Treat as a limitation in the paper's threat-model section; do not advertise the property it disclaims.,outputs/real_token_activation_attacks.json
real_token_activation_attacks,"Inter-block hidden states (boundary_input, final) are recovered to plain space between layers under the Stage 6.4c model-level wrapper; an attacker observing those boundaries sees plaintext. This is a known model-wrapper limitation, not a Stage 5.5b attacker finding.",other,low,Treat as a limitation in the paper's threat-model section; do not advertise the property it disclaims.,outputs/real_token_activation_attacks.json
real_token_activation_attacks,fresh_perm_only and fresh_perm_plus_sandwich_plus_pad share the same per-call mask sampling under the Stage 6.4c wrapper; the two bundles produce numerically identical traces for masked tensors.,other,low,Treat as a limitation in the paper's threat-model section; do not advertise the property it disclaims.,outputs/real_token_activation_attacks.json
stronger_attackers,"These are stronger proxy attacks, not formal security proofs.",formal_security,high,Treat as a limitation in the paper's threat-model section; do not advertise the property it disclaims.,outputs/stronger_attackers.json
stronger_attackers,Black-box attacks only use generated outputs and logits summaries.,other,low,Treat as a limitation in the paper's threat-model section; do not advertise the property it disclaims.,outputs/stronger_attackers.json
stronger_attackers,"Timing results are model-based proxies, not real TEE timing measurements.",real_tee_wall_time,high,Treat as a limitation in the paper's threat-model section; do not advertise the property it disclaims.,outputs/stronger_attackers.json
stronger_attackers,No hardware side-channel attack is implemented.,hardware_sidechannel_security,medium,Treat as a limitation in the paper's threat-model section; do not advertise the property it disclaims.,outputs/stronger_attackers.json
stronger_attackers,No real TEE isolation is evaluated.,real_tee_wall_time,high,Treat as a limitation in the paper's threat-model section; do not advertise the property it disclaims.,outputs/stronger_attackers.json
stronger_attackers,Synthetic fallback results are not real Qwen/TinyLlama results.,full_model_lora_finetune,low,Treat as a limitation in the paper's threat-model section; do not advertise the property it disclaims.,outputs/stronger_attackers.json
stronger_attackers,Inter-block masking is experimental unless explicitly marked implemented.,other,low,Treat as a limitation in the paper's threat-model section; do not advertise the property it disclaims.,outputs/stronger_attackers.json
stronger_attackers,Dense sandwiching and fresh permutation reduce tested recovery but do not imply semantic security.,formal_security,high,Treat as a limitation in the paper's threat-model section; do not advertise the property it disclaims.,outputs/stronger_attackers.json
lora_training_experiments,"Stage 7.0 is a prototype LoRA private training path, not full Qwen/TinyLlama LoRA fine-tuning.",full_model_lora_finetune,medium,Treat as a limitation in the paper's threat-model section; do not advertise the property it disclaims.,outputs/lora_training_experiments.json
lora_training_experiments,Backward / optimizer update remains trusted in Stage 7.0 — only the forward is masked and offloaded.,optimizer_trusted_outsourced,low,Treat as a limitation in the paper's threat-model section; do not advertise the property it disclaims.,outputs/lora_training_experiments.json
lora_training_experiments,Optimizer state (SGD momentum / AdamW moments) is trusted-only and never exported to JSON/CSV/Markdown.,optimizer_trusted_outsourced,medium,Treat as a limitation in the paper's threat-model section; do not advertise the property it disclaims.,outputs/lora_training_experiments.json
lora_training_experiments,PEFT / DeepSpeed / vLLM / FlashAttention are NOT integrated.,peft_integration,low,Treat as a limitation in the paper's threat-model section; do not advertise the property it disclaims.,outputs/lora_training_experiments.json
lora_training_experiments,"Real TEE isolation is NOT evaluated; security_profile stays 'proxy-evaluated, not formal'.",real_tee_wall_time,high,Treat as a limitation in the paper's threat-model section; do not advertise the property it disclaims.,outputs/lora_training_experiments.json
lora_training_experiments,LoRA adapter is NEVER merged into the public base weight W.,no_adapter_merge,low,Treat as a limitation in the paper's threat-model section; do not advertise the property it disclaims.,outputs/lora_training_experiments.json
lora_training_experiments,Distributed training is NOT implemented.,other,low,Treat as a limitation in the paper's threat-model section; do not advertise the property it disclaims.,outputs/lora_training_experiments.json
lora_training_experiments,"Reported metrics are summary statistics + fingerprints. Private data, raw adapter tensors, masks, and pads are never emitted in outputs.",other,low,Treat as a limitation in the paper's threat-model section; do not advertise the property it disclaims.,outputs/lora_training_experiments.json
lora_training_experiments,No formal / cryptographic / semantic security is claimed.,formal_security,high,Treat as a limitation in the paper's threat-model section; do not advertise the property it disclaims.,outputs/lora_training_experiments.json
lora_security_proxy,"These are proxy attacks, not formal security proofs.",formal_security,high,Treat as a limitation in the paper's threat-model section; do not advertise the property it disclaims.,outputs/lora_security_proxy.json
lora_security_proxy,LoRA rank ``r`` remains visible from the shape of A_tilde / B_tilde unless explicit rank padding is implemented (NOT in Stage 7.0).,other,low,Treat as a limitation in the paper's threat-model section; do not advertise the property it disclaims.,outputs/lora_security_proxy.json
lora_security_proxy,Optimizer state (SGD momentum / AdamW moments) remains trusted-only in Stage 7.0 and is never exported.,optimizer_trusted_outsourced,medium,Treat as a limitation in the paper's threat-model section; do not advertise the property it disclaims.,outputs/lora_security_proxy.json
lora_security_proxy,"No real TEE isolation is evaluated; security_profile stays 'proxy-evaluated, not formal'.",real_tee_wall_time,high,Treat as a limitation in the paper's threat-model section; do not advertise the property it disclaims.,outputs/lora_security_proxy.json
lora_security_proxy,"No full private fine-tuning workload is evaluated; this is a single-linear, tiny-dimension proxy.",other,low,Treat as a limitation in the paper's threat-model section; do not advertise the property it disclaims.,outputs/lora_security_proxy.json
lora_security_proxy,"Adversary model is a passive GPU observer of (X_tilde, W_tilde, A_tilde, B_tilde, Y_tilde) transcripts plus the dimensions; active boundary-attack and adaptive-attack proxies are deferred to later stages.",other,low,Treat as a limitation in the paper's threat-model section; do not advertise the property it disclaims.,outputs/lora_security_proxy.json
lora_security_proxy,Hardware side-channel attacks (cache / power / EM) are NOT evaluated.,hardware_sidechannel_security,medium,Treat as a limitation in the paper's threat-model section; do not advertise the property it disclaims.,outputs/lora_security_proxy.json
lora_security_proxy,Adapter is NEVER merged into the public base weight W (constraint 7).,no_adapter_merge,low,Treat as a limitation in the paper's threat-model section; do not advertise the property it disclaims.,outputs/lora_security_proxy.json
lora_backward_experiments,"Stage 7.1 implements masked-gradient prototype, not full private fine-tuning.",other,medium,Treat as a limitation in the paper's threat-model section; do not advertise the property it disclaims.,outputs/lora_backward_experiments.json
lora_backward_experiments,Loss computation remains trusted (G = dL/dY is computed on the trusted side).,other,low,Treat as a limitation in the paper's threat-model section; do not advertise the property it disclaims.,outputs/lora_backward_experiments.json
lora_backward_experiments,"Optimizer update remains trusted (SGD momentum / AdamW m, v never cross the boundary).",optimizer_trusted_outsourced,low,Treat as a limitation in the paper's threat-model section; do not advertise the property it disclaims.,outputs/lora_backward_experiments.json
lora_backward_experiments,PEFT / DeepSpeed / vLLM / FlashAttention are NOT integrated.,peft_integration,low,Treat as a limitation in the paper's threat-model section; do not advertise the property it disclaims.,outputs/lora_backward_experiments.json
lora_backward_experiments,"This is not real TEE training; security_profile stays 'proxy-evaluated, not formal'.",real_tee_wall_time,high,Treat as a limitation in the paper's threat-model section; do not advertise the property it disclaims.,outputs/lora_backward_experiments.json
lora_backward_experiments,Rank padding is NOT implemented; LoRA rank r is still visible from A_tilde / B_tilde / grad_A_tilde / grad_B_tilde shapes (deferred to Stage 7.2).,other,low,Treat as a limitation in the paper's threat-model section; do not advertise the property it disclaims.,outputs/lora_backward_experiments.json
lora_backward_experiments,LoRA adapter is NEVER merged into the public base weight W.,no_adapter_merge,low,Treat as a limitation in the paper's threat-model section; do not advertise the property it disclaims.,outputs/lora_backward_experiments.json
lora_backward_experiments,Distributed training is NOT implemented.,other,low,Treat as a limitation in the paper's threat-model section; do not advertise the property it disclaims.,outputs/lora_backward_experiments.json
lora_backward_experiments,"Reports publish summary metrics + fingerprints only. Private data, raw adapter tensors, raw gradients, optimizer state, and masks are never emitted in outputs.",optimizer_trusted_outsourced,medium,Treat as a limitation in the paper's threat-model section; do not advertise the property it disclaims.,outputs/lora_backward_experiments.json
lora_backward_experiments,No formal / cryptographic / semantic security is claimed.,formal_security,high,Treat as a limitation in the paper's threat-model section; do not advertise the property it disclaims.,outputs/lora_backward_experiments.json
lora_gradient_security_proxy,"These are gradient-side proxy attacks, not formal security proofs.",formal_security,high,Treat as a limitation in the paper's threat-model section; do not advertise the property it disclaims.,outputs/lora_gradient_security_proxy.json
lora_gradient_security_proxy,Gradient tensors may leak rank (`grad_A_tilde` is (d_in × r); `grad_B_tilde` is (r × d_out)). Rank padding is NOT implemented in Stage 7.1 (deferred to Stage 7.2).,other,low,Treat as a limitation in the paper's threat-model section; do not advertise the property it disclaims.,outputs/lora_gradient_security_proxy.json
lora_gradient_security_proxy,"Optimizer state remains trusted-only in Stage 7.1; SGD momentum / AdamW (m, v) are never exposed to the GPU.",optimizer_trusted_outsourced,medium,Treat as a limitation in the paper's threat-model section; do not advertise the property it disclaims.,outputs/lora_gradient_security_proxy.json
lora_gradient_security_proxy,Loss / upstream gradient computation remains trusted-only; only G_tilde crosses the boundary.,other,low,Treat as a limitation in the paper's threat-model section; do not advertise the property it disclaims.,outputs/lora_gradient_security_proxy.json
lora_gradient_security_proxy,"No real TEE isolation is evaluated; security_profile stays 'proxy-evaluated, not formal'.",real_tee_wall_time,high,Treat as a limitation in the paper's threat-model section; do not advertise the property it disclaims.,outputs/lora_gradient_security_proxy.json
lora_gradient_security_proxy,"No full model LoRA fine-tuning is evaluated; this is a single-linear, tiny-dimension gradient proxy.",other,low,Treat as a limitation in the paper's threat-model section; do not advertise the property it disclaims.,outputs/lora_gradient_security_proxy.json
lora_gradient_security_proxy,"Adversary model is a passive GPU observer of (X_tilde, W_tilde, A_tilde, B_tilde, Y_tilde, G_tilde, grad_A_tilde, grad_B_tilde) transcripts plus the dimensions; active / adaptive attackers and hardware side-channels are NOT evaluated.",hardware_sidechannel_security,medium,Treat as a limitation in the paper's threat-model section; do not advertise the property it disclaims.,outputs/lora_gradient_security_proxy.json
lora_gradient_security_proxy,Adapter is NEVER merged into the public base weight W.,no_adapter_merge,low,Treat as a limitation in the paper's threat-model section; do not advertise the property it disclaims.,outputs/lora_gradient_security_proxy.json
lora_rank_padding_experiments,Stage 7.2 hides true rank from tensor shape by exposing padded rank.,padded_rank_hidden,medium,Treat as a limitation in the paper's threat-model section; do not advertise the property it disclaims.,outputs/lora_rank_padding_experiments.json
lora_rank_padding_experiments,Padded rank r_pad remains visible to the GPU.,padded_rank_hidden,medium,Treat as a limitation in the paper's threat-model section; do not advertise the property it disclaims.,outputs/lora_rank_padding_experiments.json
lora_rank_padding_experiments,"Dummy rank indistinguishability is evaluated by proxy (Stage 7.2 security proxy), not formally proven.",formal_security,high,Treat as a limitation in the paper's threat-model section; do not advertise the property it disclaims.,outputs/lora_rank_padding_experiments.json
lora_rank_padding_experiments,"Optimizer state remains trusted-only and is sized to true_rank, never padded_rank.",padded_rank_hidden,medium,Treat as a limitation in the paper's threat-model section; do not advertise the property it disclaims.,outputs/lora_rank_padding_experiments.json
lora_rank_padding_experiments,"Backward / loss computation remains trusted (Stage 7.1 contract): only G_tilde, A_pad_tilde, B_pad_tilde, grad_A_pad_tilde, grad_B_pad_tilde cross the boundary.",other,low,Treat as a limitation in the paper's threat-model section; do not advertise the property it disclaims.,outputs/lora_rank_padding_experiments.json
lora_rank_padding_experiments,No PEFT / DeepSpeed / vLLM / FlashAttention integration.,peft_integration,low,Treat as a limitation in the paper's threat-model section; do not advertise the property it disclaims.,outputs/lora_rank_padding_experiments.json
lora_rank_padding_experiments,No real TEE training.,real_tee_wall_time,high,Treat as a limitation in the paper's threat-model section; do not advertise the property it disclaims.,outputs/lora_rank_padding_experiments.json
lora_rank_padding_experiments,No full Qwen / TinyLlama / LLaMA LoRA fine-tuning.,full_model_lora_finetune,low,Treat as a limitation in the paper's threat-model section; do not advertise the property it disclaims.,outputs/lora_rank_padding_experiments.json
lora_rank_padding_experiments,Adapter is NEVER merged into the public base weight W.,no_adapter_merge,low,Treat as a limitation in the paper's threat-model section; do not advertise the property it disclaims.,outputs/lora_rank_padding_experiments.json
lora_rank_padding_experiments,No formal / cryptographic / semantic security is claimed.,formal_security,high,Treat as a limitation in the paper's threat-model section; do not advertise the property it disclaims.,outputs/lora_rank_padding_experiments.json
lora_rank_padding_experiments,"Reports publish summary metrics + fingerprints. Private data, raw adapters (real or padded), raw gradients, optimizer state, and dense masks are never emitted in outputs.",optimizer_trusted_outsourced,medium,Treat as a limitation in the paper's threat-model section; do not advertise the property it disclaims.,outputs/lora_rank_padding_experiments.json
lora_rank_security_proxy,"These are rank-leakage proxy attacks, not formal security proofs.",formal_security,high,Treat as a limitation in the paper's threat-model section; do not advertise the property it disclaims.,outputs/lora_rank_security_proxy.json
lora_rank_security_proxy,True rank is hidden only from shape-level leakage when rank padding is enabled. Padded rank r_pad remains visible.,padded_rank_hidden,medium,Treat as a limitation in the paper's threat-model section; do not advertise the property it disclaims.,outputs/lora_rank_security_proxy.json
lora_rank_security_proxy,Spectral / statistical rank inference may still be possible depending on dummy strategy. zero_dummy explicitly leaks true rank via SVD of B_pad.,other,low,Treat as a limitation in the paper's threat-model section; do not advertise the property it disclaims.,outputs/lora_rank_security_proxy.json
lora_rank_security_proxy,"paired_cancellation_dummy reduces obvious zero-norm leakage but the spectral upper bound `true_rank + ⌊(r_pad - r) / 2⌋` still narrows the attacker's range; this is reported as needs_more_evaluation, not low.",other,low,Treat as a limitation in the paper's threat-model section; do not advertise the property it disclaims.,outputs/lora_rank_security_proxy.json
lora_rank_security_proxy,"No real TEE isolation is evaluated; security_profile stays 'proxy-evaluated, not formal'.",real_tee_wall_time,high,Treat as a limitation in the paper's threat-model section; do not advertise the property it disclaims.,outputs/lora_rank_security_proxy.json
lora_rank_security_proxy,Optimizer state remains trusted-only and is sized to true_rank.,optimizer_trusted_outsourced,medium,Treat as a limitation in the paper's threat-model section; do not advertise the property it disclaims.,outputs/lora_rank_security_proxy.json
lora_rank_security_proxy,Hardware side-channels (cache / power / EM) are NOT evaluated.,hardware_sidechannel_security,medium,Treat as a limitation in the paper's threat-model section; do not advertise the property it disclaims.,outputs/lora_rank_security_proxy.json
lora_rank_security_proxy,"No full model LoRA fine-tuning is evaluated; this is a single-linear, tiny-dimension proxy.",other,low,Treat as a limitation in the paper's threat-model section; do not advertise the property it disclaims.,outputs/lora_rank_security_proxy.json
lora_rank_security_proxy,Adapter is NEVER merged into the public base weight W.,no_adapter_merge,low,Treat as a limitation in the paper's threat-model section; do not advertise the property it disclaims.,outputs/lora_rank_security_proxy.json
multilayer_lora_training_experiments,"This is a synthetic multi-layer LoRA training prototype over a tiny tile, not a full Qwen / TinyLlama / LLaMA fine-tuning.",full_model_lora_finetune,low,Treat as a limitation in the paper's threat-model section; do not advertise the property it disclaims.,outputs/multilayer_lora_training_experiments.json
multilayer_lora_training_experiments,Loss + optimizer remain trusted-side (Stage 7.1 contract).,optimizer_trusted_outsourced,low,Treat as a limitation in the paper's threat-model section; do not advertise the property it disclaims.,outputs/multilayer_lora_training_experiments.json
multilayer_lora_training_experiments,"Optimizer state is sized to true_rank, never padded_rank, for every LoRA module.",padded_rank_hidden,medium,Treat as a limitation in the paper's threat-model section; do not advertise the property it disclaims.,outputs/multilayer_lora_training_experiments.json
multilayer_lora_training_experiments,Padded rank r_pad remains visible from tensor shape; only true_rank is hidden from shape-level leakage.,padded_rank_hidden,medium,Treat as a limitation in the paper's threat-model section; do not advertise the property it disclaims.,outputs/multilayer_lora_training_experiments.json
multilayer_lora_training_experiments,No PEFT / DeepSpeed / vLLM / FlashAttention integration.,peft_integration,low,Treat as a limitation in the paper's threat-model section; do not advertise the property it disclaims.,outputs/multilayer_lora_training_experiments.json
multilayer_lora_training_experiments,"No real TEE training; security_profile remains 'proxy-evaluated, not formal'.",real_tee_wall_time,high,Treat as a limitation in the paper's threat-model section; do not advertise the property it disclaims.,outputs/multilayer_lora_training_experiments.json
multilayer_lora_training_experiments,No distributed training.,other,low,Treat as a limitation in the paper's threat-model section; do not advertise the property it disclaims.,outputs/multilayer_lora_training_experiments.json
multilayer_lora_training_experiments,"Attention is a simple scaled-dot-product proxy, not a correctness benchmark for full GQA / RoPE / KV-cache.",other,low,Treat as a limitation in the paper's threat-model section; do not advertise the property it disclaims.,outputs/multilayer_lora_training_experiments.json
multilayer_lora_training_experiments,Adapter is NEVER merged into the public base weight W.,no_adapter_merge,low,Treat as a limitation in the paper's threat-model section; do not advertise the property it disclaims.,outputs/multilayer_lora_training_experiments.json
multilayer_lora_training_experiments,"Reports publish summary metrics + fingerprints; private data, raw adapters, raw gradients, optimizer state, and dense masks are never emitted.",optimizer_trusted_outsourced,medium,Treat as a limitation in the paper's threat-model section; do not advertise the property it disclaims.,outputs/multilayer_lora_training_experiments.json
multilayer_lora_security_proxy,"These are cross-layer leakage proxy attacks, not formal security proofs.",formal_security,high,Treat as a limitation in the paper's threat-model section; do not advertise the property it disclaims.,outputs/multilayer_lora_security_proxy.json
multilayer_lora_security_proxy,True rank is hidden from shape-level leakage only when padded_rank is shared across modules.,padded_rank_hidden,low,Treat as a limitation in the paper's threat-model section; do not advertise the property it disclaims.,outputs/multilayer_lora_security_proxy.json
multilayer_lora_security_proxy,padded_rank itself remains visible from tensor shape.,padded_rank_hidden,low,Treat as a limitation in the paper's threat-model section; do not advertise the property it disclaims.,outputs/multilayer_lora_security_proxy.json
multilayer_lora_security_proxy,"Spectral / gradient rank inference may still narrow the attacker's range, especially under zero_dummy.",other,low,Treat as a limitation in the paper's threat-model section; do not advertise the property it disclaims.,outputs/multilayer_lora_security_proxy.json
multilayer_lora_security_proxy,Cross-layer linkability under fixed_masks_shared_u is reported high by construction; the no-mitigation baseline IS leaky.,other,low,Treat as a limitation in the paper's threat-model section; do not advertise the property it disclaims.,outputs/multilayer_lora_security_proxy.json
multilayer_lora_security_proxy,"No real TEE isolation is evaluated; security_profile stays 'proxy-evaluated, not formal'.",real_tee_wall_time,high,Treat as a limitation in the paper's threat-model section; do not advertise the property it disclaims.,outputs/multilayer_lora_security_proxy.json
multilayer_lora_security_proxy,Optimizer state remains trusted-only and is sized to true_rank for every module.,optimizer_trusted_outsourced,medium,Treat as a limitation in the paper's threat-model section; do not advertise the property it disclaims.,outputs/multilayer_lora_security_proxy.json
multilayer_lora_security_proxy,Hardware side-channels (cache / power / EM) are NOT evaluated.,hardware_sidechannel_security,medium,Treat as a limitation in the paper's threat-model section; do not advertise the property it disclaims.,outputs/multilayer_lora_security_proxy.json
multilayer_lora_security_proxy,"No full Qwen / TinyLlama / LLaMA fine-tuning is evaluated; this is a multi-linear, tiny-dimension proxy.",full_model_lora_finetune,low,Treat as a limitation in the paper's threat-model section; do not advertise the property it disclaims.,outputs/multilayer_lora_security_proxy.json
multilayer_lora_security_proxy,Adapter is NEVER merged into the public base weight W.,no_adapter_merge,low,Treat as a limitation in the paper's threat-model section; do not advertise the property it disclaims.,outputs/multilayer_lora_security_proxy.json
lora_training_timing_proxy,"Timing results are proxy estimates from an FLOP-and-boundary cost model, not real TEE wall-time.",real_tee_wall_time,high,Treat as a limitation in the paper's threat-model section; do not advertise the property it disclaims.,outputs/lora_training_timing_proxy.json
lora_training_timing_proxy,"Constant-time training mode is simulated (upper-bound latency padding); the proxy does NOT sleep, does NOT modify real runtime.",other,low,Treat as a limitation in the paper's threat-model section; do not advertise the property it disclaims.,outputs/lora_training_timing_proxy.json
lora_training_timing_proxy,Hardware side-channels (cache / power / EM) are NOT evaluated.,hardware_sidechannel_security,medium,Treat as a limitation in the paper's threat-model section; do not advertise the property it disclaims.,outputs/lora_training_timing_proxy.json
lora_training_timing_proxy,Cost-model constants are coarse; absolute latencies are illustrative.,other,low,Treat as a limitation in the paper's threat-model section; do not advertise the property it disclaims.,outputs/lora_training_timing_proxy.json
lora_training_timing_proxy,Leakage classifier uses bucket-mean labels as the attacker; this is a generous attacker model.,other,low,Treat as a limitation in the paper's threat-model section; do not advertise the property it disclaims.,outputs/lora_training_timing_proxy.json
lora_training_timing_proxy,No PEFT / DeepSpeed / vLLM / FlashAttention integration.,peft_integration,low,Treat as a limitation in the paper's threat-model section; do not advertise the property it disclaims.,outputs/lora_training_timing_proxy.json
lora_training_timing_proxy,No real Qwen / TinyLlama / LLaMA fine-tuning; this is a multi-linear cost-model proxy.,full_model_lora_finetune,low,Treat as a limitation in the paper's threat-model section; do not advertise the property it disclaims.,outputs/lora_training_timing_proxy.json
lora_training_timing_proxy,Adapter is NEVER merged into the public base weight W.,no_adapter_merge,low,Treat as a limitation in the paper's threat-model section; do not advertise the property it disclaims.,outputs/lora_training_timing_proxy.json
lora_training_timing_proxy,No formal / cryptographic / semantic security is claimed.,formal_security,high,Treat as a limitation in the paper's threat-model section; do not advertise the property it disclaims.,outputs/lora_training_timing_proxy.json
lora_stronger_dummy_experiments,"Stronger dummy distributions are proxy-evaluated, not formal.",formal_security,high,Treat as a limitation in the paper's threat-model section; do not advertise the property it disclaims.,outputs/lora_stronger_dummy_experiments.json
lora_stronger_dummy_experiments,Padded rank remains visible unless heterogeneous padded_rank is separately enabled.,padded_rank_hidden,medium,Treat as a limitation in the paper's threat-model section; do not advertise the property it disclaims.,outputs/lora_stronger_dummy_experiments.json
lora_stronger_dummy_experiments,Spectral hardening does not imply cryptographic hiding.,formal_security,high,Treat as a limitation in the paper's threat-model section; do not advertise the property it disclaims.,outputs/lora_stronger_dummy_experiments.json
lora_stronger_dummy_experiments,Optimizer state remains trusted-only and is sized to true_rank for every LoRA module.,optimizer_trusted_outsourced,medium,Treat as a limitation in the paper's threat-model section; do not advertise the property it disclaims.,outputs/lora_stronger_dummy_experiments.json
lora_stronger_dummy_experiments,"No real TEE training is evaluated; security_profile stays 'proxy-evaluated, not formal'.",real_tee_wall_time,high,Treat as a limitation in the paper's threat-model section; do not advertise the property it disclaims.,outputs/lora_stronger_dummy_experiments.json
lora_stronger_dummy_experiments,No full Qwen / TinyLlama / LLaMA LoRA fine-tuning is evaluated; this is a single-linear probe.,full_model_lora_finetune,low,Treat as a limitation in the paper's threat-model section; do not advertise the property it disclaims.,outputs/lora_stronger_dummy_experiments.json
lora_stronger_dummy_experiments,No PEFT / DeepSpeed / vLLM / FlashAttention integration.,peft_integration,low,Treat as a limitation in the paper's threat-model section; do not advertise the property it disclaims.,outputs/lora_stronger_dummy_experiments.json
lora_stronger_dummy_experiments,Adapter is NEVER merged into the public base weight W.,no_adapter_merge,low,Treat as a limitation in the paper's threat-model section; do not advertise the property it disclaims.,outputs/lora_stronger_dummy_experiments.json
lora_stronger_dummy_experiments,"Reports publish summary metrics + fingerprints only; private data, raw adapters, raw gradients, optimizer state, and dense masks are never emitted.",optimizer_trusted_outsourced,medium,Treat as a limitation in the paper's threat-model section; do not advertise the property it disclaims.,outputs/lora_stronger_dummy_experiments.json
lora_stronger_dummy_security_proxy,"These are stronger-dummy proxy attacks, not formal security proofs.",formal_security,high,Treat as a limitation in the paper's threat-model section; do not advertise the property it disclaims.,outputs/lora_stronger_dummy_security_proxy.json
lora_stronger_dummy_security_proxy,Padded rank r_pad remains visible from tensor shape — only true_rank is hidden.,padded_rank_hidden,medium,Treat as a limitation in the paper's threat-model section; do not advertise the property it disclaims.,outputs/lora_stronger_dummy_security_proxy.json
lora_stronger_dummy_security_proxy,Spectral hardening does not imply cryptographic hiding.,formal_security,high,Treat as a limitation in the paper's threat-model section; do not advertise the property it disclaims.,outputs/lora_stronger_dummy_security_proxy.json
lora_stronger_dummy_security_proxy,Dummy strategy classification uses a generous bucket-mean attacker model.,other,low,Treat as a limitation in the paper's threat-model section; do not advertise the property it disclaims.,outputs/lora_stronger_dummy_security_proxy.json
lora_stronger_dummy_security_proxy,"No real TEE isolation is evaluated; security_profile stays 'proxy-evaluated, not formal'.",real_tee_wall_time,high,Treat as a limitation in the paper's threat-model section; do not advertise the property it disclaims.,outputs/lora_stronger_dummy_security_proxy.json
lora_stronger_dummy_security_proxy,Optimizer state remains trusted-only and is sized to true_rank.,optimizer_trusted_outsourced,medium,Treat as a limitation in the paper's threat-model section; do not advertise the property it disclaims.,outputs/lora_stronger_dummy_security_proxy.json
lora_stronger_dummy_security_proxy,Hardware side-channels (cache / power / EM) are NOT evaluated.,hardware_sidechannel_security,medium,Treat as a limitation in the paper's threat-model section; do not advertise the property it disclaims.,outputs/lora_stronger_dummy_security_proxy.json
lora_stronger_dummy_security_proxy,No full Qwen / TinyLlama / LLaMA LoRA fine-tuning is evaluated; this is a single-linear + cross-layer proxy.,full_model_lora_finetune,low,Treat as a limitation in the paper's threat-model section; do not advertise the property it disclaims.,outputs/lora_stronger_dummy_security_proxy.json
lora_stronger_dummy_security_proxy,Adapter is NEVER merged into the public base weight W.,no_adapter_merge,low,Treat as a limitation in the paper's threat-model section; do not advertise the property it disclaims.,outputs/lora_stronger_dummy_security_proxy.json
paper_toy_tasks,"Task-like inputs are deterministic synthetic sequences; no external dataset, no tokenizer.",other,low,Treat as a limitation in the paper's threat-model section; do not advertise the property it disclaims.,outputs/paper_toy_tasks.json
paper_toy_tasks,Targets are deterministic functions of input ids and do NOT reflect any real-world label distribution.,other,low,Treat as a limitation in the paper's threat-model section; do not advertise the property it disclaims.,outputs/paper_toy_tasks.json
paper_toy_tasks,The toy model is a tiny LoRA-augmented decoder stack; not a full Qwen / TinyLlama / LLaMA fine-tune.,full_model_lora_finetune,low,Treat as a limitation in the paper's threat-model section; do not advertise the property it disclaims.,outputs/paper_toy_tasks.json
paper_toy_tasks,"Loss, optimizer, and backward remain trusted-side (Stage 7.0 / 7.1 contract).",optimizer_trusted_outsourced,low,Treat as a limitation in the paper's threat-model section; do not advertise the property it disclaims.,outputs/paper_toy_tasks.json
paper_toy_tasks,Local CPU runtime only; not real TEE wall-time and not GPU throughput.,real_tee_wall_time,high,Treat as a limitation in the paper's threat-model section; do not advertise the property it disclaims.,outputs/paper_toy_tasks.json
paper_toy_tasks,No formal / cryptographic / semantic security is claimed.,formal_security,high,Treat as a limitation in the paper's threat-model section; do not advertise the property it disclaims.,outputs/paper_toy_tasks.json
paper_toy_tasks,No PEFT / DeepSpeed / vLLM / FlashAttention integration.,peft_integration,low,Treat as a limitation in the paper's threat-model section; do not advertise the property it disclaims.,outputs/paper_toy_tasks.json
paper_toy_tasks,Adapter is NEVER merged into the public base weight W (Stage 7.0 contract).,no_adapter_merge,low,Treat as a limitation in the paper's threat-model section; do not advertise the property it disclaims.,outputs/paper_toy_tasks.json
paper_toy_tasks,Reports publish summary metrics only; raw tensors / masks / adapters / gradients / input ids are never emitted.,other,low,Treat as a limitation in the paper's threat-model section; do not advertise the property it disclaims.,outputs/paper_toy_tasks.json
paper_baseline_comparison,All risk levels are proxy-derived from the mitigation configuration and the existing Stage 5-7 proxy summaries; this module does NOT run new attackers.,other,low,Treat as a limitation in the paper's threat-model section; do not advertise the property it disclaims.,outputs/paper_baseline_comparison.json
paper_baseline_comparison,Boundary call counts and online extra matmul counts are derived structurally from the mitigation bundle; they are not measured kernel launches.,other,low,Treat as a limitation in the paper's threat-model section; do not advertise the property it disclaims.,outputs/paper_baseline_comparison.json
paper_baseline_comparison,Local CPU runtime only; not real TEE wall-time and not GPU throughput.,real_tee_wall_time,high,Treat as a limitation in the paper's threat-model section; do not advertise the property it disclaims.,outputs/paper_baseline_comparison.json
paper_baseline_comparison,No formal / cryptographic / semantic security is claimed.,formal_security,high,Treat as a limitation in the paper's threat-model section; do not advertise the property it disclaims.,outputs/paper_baseline_comparison.json
paper_baseline_comparison,No PEFT / DeepSpeed / vLLM / FlashAttention integration.,peft_integration,low,Treat as a limitation in the paper's threat-model section; do not advertise the property it disclaims.,outputs/paper_baseline_comparison.json
paper_baseline_comparison,Adapter is NEVER merged into the public base weight W (Stage 7.0 contract).,no_adapter_merge,low,Treat as a limitation in the paper's threat-model section; do not advertise the property it disclaims.,outputs/paper_baseline_comparison.json
paper_baseline_comparison,Reports publish summary metrics only; raw tensors / masks / adapters / gradients are never emitted.,other,low,Treat as a limitation in the paper's threat-model section; do not advertise the property it disclaims.,outputs/paper_baseline_comparison.json
paper_ablation_study,All ablation rows reuse the algebraic identities of Theorem 1-9; correctness is preserved by construction across both settings of each axis.,other,low,Treat as a limitation in the paper's threat-model section; do not advertise the property it disclaims.,outputs/paper_ablation_study.json
paper_ablation_study,"Risk levels are proxy-derived from the existing Stage 5-7 security_proxy_summary, not formal security guarantees.",formal_security,high,Treat as a limitation in the paper's threat-model section; do not advertise the property it disclaims.,outputs/paper_ablation_study.json
paper_ablation_study,Runtime overhead is local CPU emulation only; not real TEE wall-time and not GPU throughput.,real_tee_wall_time,high,Treat as a limitation in the paper's threat-model section; do not advertise the property it disclaims.,outputs/paper_ablation_study.json
paper_ablation_study,No formal / cryptographic / semantic security is claimed.,formal_security,high,Treat as a limitation in the paper's threat-model section; do not advertise the property it disclaims.,outputs/paper_ablation_study.json
paper_ablation_study,Adapter is NEVER merged into the public base weight W (Stage 7.0 contract).,no_adapter_merge,low,Treat as a limitation in the paper's threat-model section; do not advertise the property it disclaims.,outputs/paper_ablation_study.json
paper_ablation_study,Reports publish summary metrics only; raw tensors / masks / adapters are never emitted.,other,low,Treat as a limitation in the paper's threat-model section; do not advertise the property it disclaims.,outputs/paper_ablation_study.json
paper_stability_study,All identities are exercised on synthetic tiles; no production fine-tune or external model.,other,low,Treat as a limitation in the paper's threat-model section; do not advertise the property it disclaims.,outputs/paper_stability_study.json
paper_stability_study,"Sweeps are restricted to CPU local emulation; no GPU, no real TEE, no network downloads.",real_tee_wall_time,high,Treat as a limitation in the paper's threat-model section; do not advertise the property it disclaims.,outputs/paper_stability_study.json
paper_stability_study,Stability is measured by the spread of float64 round-off across seeds/shapes; it is NOT a security metric.,other,low,Treat as a limitation in the paper's threat-model section; do not advertise the property it disclaims.,outputs/paper_stability_study.json
paper_stability_study,Adapter is NEVER merged into the public base weight W (Stage 7.0 contract).,no_adapter_merge,low,Treat as a limitation in the paper's threat-model section; do not advertise the property it disclaims.,outputs/paper_stability_study.json
paper_stability_study,Reports publish summary statistics only; raw tensors / masks / adapters / gradients are never emitted.,other,low,Treat as a limitation in the paper's threat-model section; do not advertise the property it disclaims.,outputs/paper_stability_study.json
paper_stability_study,No formal / cryptographic / semantic security is claimed.,formal_security,high,Treat as a limitation in the paper's threat-model section; do not advertise the property it disclaims.,outputs/paper_stability_study.json
cpu_runtime_completion,"This is CPU / local trusted-runtime emulation, NOT real TEE wall-time and NOT GPU throughput.",real_tee_wall_time,high,Treat as a limitation in the paper's threat-model section; do not advertise the property it disclaims.,outputs/cpu_runtime_completion.json
cpu_runtime_completion,No ``time.sleep`` is used; ``time.perf_counter`` only.,other,low,Treat as a limitation in the paper's threat-model section; do not advertise the property it disclaims.,outputs/cpu_runtime_completion.json
cpu_runtime_completion,Modern-decoder rows use synthetic stand-ins; no Hugging Face model load and no network download.,other,low,Treat as a limitation in the paper's threat-model section; do not advertise the property it disclaims.,outputs/cpu_runtime_completion.json
cpu_runtime_completion,No PEFT / DeepSpeed / vLLM / FlashAttention integration.,peft_integration,low,Treat as a limitation in the paper's threat-model section; do not advertise the property it disclaims.,outputs/cpu_runtime_completion.json
cpu_runtime_completion,Adapter is NEVER merged into the public base weight W (Stage 7.0 contract).,no_adapter_merge,low,Treat as a limitation in the paper's threat-model section; do not advertise the property it disclaims.,outputs/cpu_runtime_completion.json
cpu_runtime_completion,Workload sizes are small for pytest stability -- absolute numbers are illustrative.,other,low,Treat as a limitation in the paper's threat-model section; do not advertise the property it disclaims.,outputs/cpu_runtime_completion.json
cpu_runtime_completion,No formal / cryptographic / semantic security is claimed.,formal_security,high,Treat as a limitation in the paper's threat-model section; do not advertise the property it disclaims.,outputs/cpu_runtime_completion.json
cpu_runtime_completion,Reports publish summary statistics only; raw tensors / masks / adapters / gradients are never emitted.,other,low,Treat as a limitation in the paper's threat-model section; do not advertise the property it disclaims.,outputs/cpu_runtime_completion.json
direct_prior_work_comparison,Each baseline implements only the primitive(s) listed in its BaselineSelfDeclaration; the original papers' full systems are NOT reproduced.,other,low,Treat as a limitation in the paper's threat-model section; do not advertise the property it disclaims.,outputs/direct_prior_work_comparison.json
direct_prior_work_comparison,Cost-model rows (Gazelle / Delphi / SecureML / MiniONN) do not produce measured runtimes; directly_comparable_on_runtime is False.,other,low,Treat as a limitation in the paper's threat-model section; do not advertise the property it disclaims.,outputs/direct_prior_work_comparison.json
direct_prior_work_comparison,"Threat models differ across baselines; the comparison is *primitive-functional* and *cost-model*, not a claim that all rows defend against the same adversary.",other,low,Treat as a limitation in the paper's threat-model section; do not advertise the property it disclaims.,outputs/direct_prior_work_comparison.json
direct_prior_work_comparison,Amulet decoder rows return UnsupportedResult with mathematical_reason; Amulet KV append counterexample is itself the experimental result.,other,low,Treat as a limitation in the paper's threat-model section; do not advertise the property it disclaims.,outputs/direct_prior_work_comparison.json
direct_prior_work_comparison,Arrow row is recorded as missing-formula rather than substituted with a generic proxy.,other,low,Treat as a limitation in the paper's threat-model section; do not advertise the property it disclaims.,outputs/direct_prior_work_comparison.json
direct_prior_work_comparison,CryptoNets row is an arithmetic skeleton only; no HE library is used; no encryption is performed.,other,low,Treat as a limitation in the paper's threat-model section; do not advertise the property it disclaims.,outputs/direct_prior_work_comparison.json
direct_prior_work_comparison,Local CPU emulation only -- not real TEE wall-time and not GPU throughput.,real_tee_wall_time,high,Treat as a limitation in the paper's threat-model section; do not advertise the property it disclaims.,outputs/direct_prior_work_comparison.json
direct_prior_work_comparison,No formal / cryptographic / semantic security is claimed for any row.,formal_security,high,Treat as a limitation in the paper's threat-model section; do not advertise the property it disclaims.,outputs/direct_prior_work_comparison.json
direct_prior_work_comparison,Reports publish summary statistics; raw tensors / masks / adapters / gradients are never emitted.,other,low,Treat as a limitation in the paper's threat-model section; do not advertise the property it disclaims.,outputs/direct_prior_work_comparison.json
ours_runtime_api_validation,Local CPU backend only; real TEE / GPU backend is NOT implemented.,real_tee_wall_time,high,Treat as a limitation in the paper's threat-model section; do not advertise the property it disclaims.,outputs/ours_runtime_api_validation.json
ours_runtime_api_validation,``tee_gpu_ready_interface=True`` means the protocol logic is backend-agnostic and does NOT mean a TEE or GPU runtime exists.,other,low,Treat as a limitation in the paper's threat-model section; do not advertise the property it disclaims.,outputs/ours_runtime_api_validation.json
ours_runtime_api_validation,"Components are exercised on small synthetic tiles; this is a runtime-API conformance check, not a deployment benchmark.",other,low,Treat as a limitation in the paper's threat-model section; do not advertise the property it disclaims.,outputs/ours_runtime_api_validation.json
ours_runtime_api_validation,No formal / cryptographic / semantic security is claimed.,formal_security,high,Treat as a limitation in the paper's threat-model section; do not advertise the property it disclaims.,outputs/ours_runtime_api_validation.json
ours_runtime_api_validation,Reports publish transcript summaries only; raw tensors / masks / adapters / gradients / inputs are never emitted.,other,low,Treat as a limitation in the paper's threat-model section; do not advertise the property it disclaims.,outputs/ours_runtime_api_validation.json
