risk_id,dimension,severity,priority,location,risky_wording_or_missing,why_reviewer_may_object,recommended_revision,new_experiment_needed,wording_fix_enough
NOV-01,novelty_risk,high,P0,sec:introduction (Our approach) + sec:related (Amulet-style and matrix obfuscation methods),The four ingredients in 'Our approach' read close to 'Amulet right-mask + LoRA'. Related work distinguishes Amulet but the contrast is one paragraph and uses 'Amulet-style' phrasing that may be skimmed as 'we are an Amulet variant'.,"A security reviewer who reads only the intro and related work may conclude the system is Amulet + LoRA + island wrappers, i.e. an engineering extension rather than a separate point on the design space.","Add a one-paragraph 'What is new vs. Amulet' explicit contrast in sec:related enumerating: (i) generation-compatible right-masking (Amulet KV-append counterexample, RQ13); (ii) operator-compatible nonlinear islands with proved invariance groups (Theorems 2-5); (iii) private LoRA backward + rank padding (Theorems 7-9); (iv) deployable trusted-controller / accelerator-backend split (sec:design:backend, RQ14). Cross-reference each item to its theorem and RQ.",no,yes
NOV-02,novelty_risk,medium,P1,sec:introduction (Why prior obfuscation does not cover generative LLMs),"Cites 'Amulet-style matrix obfuscation' and 'secret-shared offload' together. The LoRA / KV-append / RoPE / GQA novelty list is good but the public-base-model vs. user-data distinction is implicit, not stated.","Reviewers from the cryptographic privacy community routinely ask 'why are you protecting the activations instead of the model?' If the public-base-model assumption is not stated up-front, the contribution looks confused.","Add one sentence to the introduction: 'Our threat model assumes the base-model weights are public; we protect the *user's* runtime data (prompt, hidden states, KV cache, LoRA adapter, gradients). Model weight extraction is out of scope.' Cross-reference sec:threat 'Allowed leakage'.",no,yes
NOV-03,novelty_risk,medium,P2,sec:design:backend + sec:eval:rq14,"RQ14 introduces the runtime API but does not explicitly position it as a *deployment-readiness primitive*, separate from the masking primitives. Reviewers may read it as plumbing rather than contribution.","Systems reviewers may say 'the backend split is engineering, not novelty'. The argument that the split makes future TEE/GPU swap possible without protocol changes should be made explicit, not implicit.",Add one paragraph at the end of sec:design:backend explaining that this boundary makes the protocol logic and the hardware substrate orthogonal -- the same TrustedController is reused across LocalCPUBackend and any future TEE / GPU backend without touching the masking code. Keep the 'not deployed' caveat.,no,yes
THR-01,threat_model_risk,high,P0,sec:threat (Allowed leakage) + sec:limitations item 9,Sequence-length leakage is mentioned once ('unless a separate sequence-length pad is engaged (not implemented)'). Reviewer may underweight this and miss that we do not currently pad seq-length.,Sequence-length is a classical side-channel for prompt-content recovery in LLM serving. A reviewer who sees no explicit treatment will demand it.,"Promote the seq-length leak into its own bullet in 'Allowed leakage' and reference sec:limitations item 9 explicitly. State that batch shape, per-layer tensor shape, and seq-len are visible by default.",no,yes
THR-02,threat_model_risk,high,P0,sec:threat (Trusted-side controller) + sec:abstract + figures/captions,"Trusted-side controller is correctly described as 'TEE-like, locally emulated' in sec:threat, but the qualifier is not always co-located with 'trusted controller' in figures and captions.",A skim reviewer who only reads a figure caption may not notice the 'locally emulated' qualifier and conclude that a real TEE was deployed.,"Audit every figure caption (fig:system-overview, fig:right-masked-decode, fig:dense-sandwich, fig:nonlinear-island, fig:lora-training, fig:measured-runtime-summary, fig:security-risk-matrix) to confirm each occurrence of 'trusted controller' is co-located with 'locally emulated' or an equivalent disclaimer.",no,yes
THR-03,threat_model_risk,medium,P1,sec:threat (Adversary capabilities exercised in evaluation),"Lists ridge / MLP / signature / Sinkhorn / linkability / DLG / spectral / ensemble / cost-model attackers. Does not say what *stronger* attacker is out of scope (e.g. learning-based inverters with substantially more data, white-box weight access).",Reviewer will ask 'have you tried a stronger attacker?' We should pre-empt by naming the explicit stronger-attacker categories that we do not evaluate.,"Add one sentence to 'Adversary capabilities' enumerating attackers we do not evaluate: large-scale learning-based inverters trained on millions of (masked, plain) pairs; white-box-weight inverters; hardware-side-channel attackers; multi-tenant trace correlation attackers.",no,yes
THR-04,threat_model_risk,medium,P1,sec:threat (Out of scope) + sec:design:backend,"Out-of-scope correctly lists compromised TEE, HW side-channels, formal security, real-TEE wall-time, full fine-tune, framework integration, padded-rank hiding, outsourced loss/optimizer. The deployable-runtime boundary contract (Stage 7.5c) is not enumerated here.",A reviewer scanning the threat model only will not realise that the runtime boundary is interface-only; the qualifier currently lives only in sec:design:backend and sec:eval:rq14.,Add one out-of-scope bullet: 'Real-hardware deployment of the trusted controller / accelerator backend split. The runtime API is interface-ready (see sec:design:backend); only the LocalCPUBackend is implemented.',no,yes
PWR-01,prior_work_comparison_risk,high,P0,sec:eval:rq13 (Cross-cutting observations final paragraph),"'... highlights which primitives extend to generative LLMs (ours) and which do not (Slalom, DarKnight, Amulet static masking, CryptoNets arithmetic skeleton).' Reads as 'ours is better than them'.","Each baseline solves a different problem under a different threat model. Saying 'they do not extend to generative LLMs' invites the rebuttal 'because they were not designed for generative LLMs, and you do not provide their formal-security property in return.'","Re-word as: 'The direct prior-work primitives we implement target different problems and threat models. Their primitive surface does not cover decoder-only generation, KV-cache append, or LoRA personalization, which is the surface our scheme targets; conversely, our scheme does not provide the formal cryptographic guarantees that CryptoNets / Gazelle / Delphi / SecureML / MiniONN provide.' Drop the implicit 'ours wins' framing.",no,yes
PWR-02,prior_work_comparison_risk,medium,P1,sec:eval:rq13 (Setup paragraph),'We implement the primitive(s) of each named prior work directly from its paper formula and execute them under the same CPU local runtime API as our scheme.' Good. But the sentence is dense and could be misread as 'we reproduced these papers.',Reviewer may quote this sentence in isolation and claim we are overstating reproduction.,Add the disclaimer in the *same* sentence: 'We implement the named primitive of each prior work (NOT the full system) directly from its paper formula and execute that single primitive under the same CPU local runtime API as our scheme.' Then list which papers and which primitive.,no,yes
PWR-03,prior_work_comparison_risk,medium,P1,sec:eval:rq13 + sec:related (Privacy-preserving ML inference),Related work says 'They give formal-security guarantees but pay one to several orders of magnitude in overhead.' RQ13 reports local CPU runtime for ours and explicitly refuses runtime for cost-model rows. A reviewer may still try to compute an unfair ratio.,Reviewers can mis-attribute a comparison if both 'we are faster' and 'they are formal' appear within a few pages of each other.,Add an explicit sentence to the RQ13 setup: 'Runtime numbers in the cost-model rows are deliberately left blank (NaN). Any ratio computed against an imputed runtime would be meaningless because the cryptographic protocols are not executed.' Mirror this in sec:related.,no,yes
PWR-04,prior_work_comparison_risk,low,P2,sec:eval:rq13 (Result) + tables/direct_prior_work_comparison.tex,"Result paragraph mentions Slalom's 'Freivalds-style randomised verification check' which sounds like a security claim; we should anchor it to integrity, not confidentiality.",A cryptographic reviewer who reads only the Result paragraph may flag this as confusing the integrity property with a privacy property.,Re-word as 'a Freivalds-style randomised integrity check (not a privacy primitive)'.,no,yes
RUN-01,runtime_deployment_risk,high,P0,sec:design:backend (last sentence) + sec:eval:rq14 (Result + Limitation),"'the interface is backend-ready, not backend-deployed' / 'tee_gpu_ready_interface=True means the protocol logic is backend-agnostic; it does NOT mean hardware isolation has been deployed.' Wording is correct, but the *name* 'tee_gpu_ready_interface' invites confusion.",A skim reviewer who reads only a table cell labelled 'tee_gpu_ready_interface = True' may conclude TEE / GPU deployment has happened.,Rename in *prose* to 'backend-agnostic interface flag' or 'interface-ready flag' in every sentence referencing it; keep the raw artifact key in the table caption with an explicit gloss: 'tee_gpu_ready_interface = True means the protocol logic is backend-agnostic; no TEE or GPU has been deployed in this artifact.' Optionally rename the column in the rendered table as a P1 follow-up.,no,yes
RUN-02,runtime_deployment_risk,high,P0,sec:eval:rq7 (Result) + tables/measured_runtime.tex + figures/measured_runtime_summary.png caption,"RQ7 reports 'Mean times: plain_synthetic_linear 0.002 ms, ..., multi_layer_lora_training_step 4.684 ms.' Numbers in ms invite the reading 'these are real-system latencies'.",A reviewer pulled to the runtime table first may assume the numbers are comparable to production deployments.,"Prepend every ms number with 'local-emulation ' in prose; ensure each runtime table / figure caption begins with 'Local-emulation runtime on tiny tiles; not real TEE wall-time, not GPU throughput.' Already partly present; audit for consistency.",no,yes
RUN-03,runtime_deployment_risk,medium,P1,sec:eval:summary (Cross-cutting observations),'so a future TEE or GPU deployment only needs to swap the backend object.' Reads as 'deployment is one engineering step away.',"Reviewer may say 'this trivialises confidential-computing deployment; attestation, sealed memory, page-table side-channels are not just plumbing.'","Soften to 'so the protocol logic does not block a future TEE or GPU deployment; we do not claim that the remaining engineering (attestation, sealed memory, side-channel hardening, multi-tenant isolation) is trivial.'",no,yes
RUN-04,runtime_deployment_risk,medium,P1,docs/runtime_boundary.md sections 4-5,The 'How to plug in a TEE backend' section reads like a how-to. Reviewers may read it as 'they shipped a TEE backend.',Same skim risk as RUN-01.,Prefix the section header with '(future work)' and add a banner sentence at the top: 'No TEE backend exists in this artifact; the snippet below is the contract a future deployment must satisfy.',no,yes
SEC-01,security_claim_risk,high,P0,"sec:security (Transcript obfuscation, Activation recovery and linkability)",Repeated phrase 'Bounded near random chance in our evaluated setting.' / 'keeps the worst-case attacker close to random chance'. The italicised wording 'Bounded' may be read as 'we prove a bound.',Cryptographic reviewer will say 'bounded' implies a proof; you only show empirical accuracy near 0.5.,Replace 'bounded' with 'the measured attacker accuracy stayed close to random chance' or 'did not deviate significantly from random chance in our tests' throughout sec:security.,no,yes
SEC-02,security_claim_risk,medium,P1,"sec:security:adapter, sec:security:gradient",Reports '\Delta\text{AUC} = +0.463' and '+0.478' but the baseline (fixed_masks_fixed_u) is mentioned only once. Reviewer may compute the post-mitigation AUC themselves and dispute the +0.463 phrasing if they cannot quickly find the baseline.,Numbers without their baseline are easy to challenge.,"Add 'AUC reduced from 0.963 to 0.500 (\Delta\text{AUC} = +0.463 vs the fixed_masks_fixed_u baseline)' style absolute numbers, or reference the specific table cell in lora_training_summary.",no,yes
SEC-03,security_claim_risk,medium,P1,sec:security:rank + sec:security:boundary,Claims boundary correctly says 'we do *not* claim ... padded LoRA rank is hidden'. But sec:security:rank uses 'hides the true rank' which is ambiguous: it could be read 'hides rank in general'.,Two adjacent sentences using 'hides' / 'is not hidden' with different subjects can confuse a reviewer in a hurry.,Be uniform: 'Rank padding removes the *true* rank r_true from tensor shape but leaves the *padded* rank r_pad visible.' Use 'removes from shape' rather than 'hides'.,no,yes
SEC-04,security_claim_risk,low,P2,sec:security:timing,"'Risk level: low.' for cost-model timing classifier. 'low' is the safe label, but a reviewer may still read this as 'timing is solved.'",The cost-model proxy is not a side-channel evaluation; saying 'low' invites misreading.,Append 'under our cost-model proxy only; hardware timing side-channels are out of scope' explicitly at the end of sec:security:timing.,no,yes
COR-01,correctness_proof_risk,medium,P1,"sec:correctness (Theorem 7 LoRA masked forward, Theorem 8 LoRA backward)",Theorem 7 statement omits the row-vector convention 'X in R^{T x d_in} acts from the left'. Theorem 8 proof sketch is terse and may not convince a reviewer that the U^{-1} cancellation is total.,Backward-pass identities in masked space are a classical place for sign / transpose errors. Reviewer will want a full derivation.,Add a one-paragraph row-vector convention statement at the top of sec:correctness. Expand Theorem 8 proof to spell out the U^{-1} and N_out^{-1} substitutions explicitly. Cross-reference the artifact row lora_backward_experiments with max-grad-error ~ 1.3e-15.,no,yes
COR-02,correctness_proof_risk,medium,P2,sec:correctness (Theorem 2 pointwise activation permutation island),Theorem 2 covers GELU/ReLU/SiLU pointwise. The 'dense mask does not commute' *counterexample* is mentioned in sec:design but not proved in sec:correctness.,A reviewer may ask 'why a permutation island and not a dense one?' The counterexample is the answer and should appear as a remark or lemma.,"Add a 'Remark (non-commutation under dense masks)' after Theorem 2: for generic dense invertible N and pointwise phi, phi(XN) != phi(X) N. Cite an explicit two-line counterexample (phi = ReLU, N a 2x2 rotation).",no,yes
COR-03,correctness_proof_risk,low,P2,sec:correctness (Theorem 6 attention and KV cache invariant),Theorem 6 covers Q K^T = Q\tilde K\tilde^T. The V mask absorption claim ('absorbed by the trailing output projection') is in the design section but not in the theorem.,Reviewer who only reads the theorems may miss the V mask story.,Promote 'and the V mask N_V is absorbed into the trailing output projection' into Theorem 6's statement.,no,yes
COR-04,correctness_proof_risk,low,P3,sec:correctness (Theorem 9 rank padding factor-product equality),States two cases (A_dummy B_dummy = 0 vs tracked delta) but the proof sketch covers only case 1.,Reviewer may say 'where is the delta-folding proof?',"Add a one-line proof sketch for the tracked-correction case: when A_dummy B_dummy = Delta, A_pad B_pad = A B + Delta; the trusted side subtracts Delta at recovery time, restoring A B.",no,yes
EVA-01,evaluation_sufficiency_risk,high,P0,sec:eval:rq1 / rq5 / rq8 / rq11 + sec:limitations item 5,"Every correctness / LoRA / toy-task / stability RQ uses 'synthetic' or 'tiny-HF' configurations. The paper does name this as a limitation, but the evaluation section reads as 'we evaluated' rather than 'we evaluated on synthetic tiles only'.",Reviewer will say 'this is not a real LLM evaluation.' We cannot add new experiments under Stage 7.6c; we must surface the limitation in every RQ result paragraph rather than only in sec:limitations.,"Append 'on synthetic / tiny-HF configurations only' to the Result line of RQ1, RQ5, RQ8, RQ11 so a reviewer skimming Result paragraphs sees the scope immediately, not only in the Limitation paragraph.",no,yes
EVA-02,evaluation_sufficiency_risk,medium,P1,sec:eval:rq3 (Workload profile),RQ3 names 'tslp_trusted_nonlinear_baseline' and 'amulet_style_reference' as cost-model baselines but uses the word 'amulet_style' which is exactly the vague label the Stage 7.5c spec ruled out.,Stage 7.5c spec forbids 'Amulet-style' phrasing. The RQ3 cost-model table still uses the legacy label.,"Rename 'amulet_style_reference' to 'amulet_static_phq_cost_model' in the narrative paragraph (the artifact key may stay for backward compatibility, but the prose should be precise).",no,yes
EVA-03,evaluation_sufficiency_risk,medium,P1,sec:eval:rq6 (Rank-inference and timing),"Reports four 'high' risk rows (gradient rank inference, stronger-dummy spectral, stronger-dummy gradient) and one 'medium' (dummy-strategy classifier). The Result paragraph states the numbers but does not tie each 'high' to a future-work item.",Reviewer who sees 'high' without a next-step plan may ask 'so why is this a contribution?',After each 'high' or 'medium' status add a sentence: 'This is reported as open; heterogeneous padded rank (sec:conclusion item c) is the proposed follow-up.',no,yes
EVA-04,evaluation_sufficiency_risk,low,P2,sec:eval:rq2 + sec:limitations item 9 (sequence length leak),RQ2 covers KV cache append invariant but does not measure prompt-length leakage in the decode trace.,Reviewer may ask 'what about prompt-length recovery?' We must point to sec:limitations not promise an experiment we did not run.,Append 'we do not measure prompt-length or seq-length recovery; this is explicit in sec:limitations item 9' to RQ2 Limitation paragraph.,no,yes
BAS-01,baseline_fairness_risk,high,P0,sec:eval:rq13 + sec:related,"Ours rows have full_system_reproduced=True; prior-work rows have False. Comparing 'we, full system' to 'prior work, primitive only' is unfair if not framed.",This is the single most likely reject reason from a systems reviewer: 'unfair comparison.',"Add an upfront paragraph to sec:eval:rq13: 'We compare *primitives*. For our scheme the primitive *is* the full generation path; for the prior-work rows the primitive is one of: delegated linear (Slalom), additive sharing (DarKnight), static PHQ (Amulet), polynomial activation skeleton (CryptoNets), or a cost-model row (Gazelle / Delphi / SecureML / MiniONN). Direct runtime / threat-model comparison across rows is not valid; the table reports each row in its own scope.'",no,yes
BAS-02,baseline_fairness_risk,medium,P1,sec:eval:rq13 (Result) + sec:related (FHE and MPC for private inference),"Related work says 'Our approach is complementary, not a replacement.' Good. RQ13 result paragraph could echo this more loudly, especially next to the CryptoNets / Gazelle / Delphi / SecureML / MiniONN rows.",Reviewer may otherwise read the table as 'we beat HE/MPC.',Add one sentence at the end of RQ13 Result: 'Cryptographic baselines provide formal-security guarantees that our scheme does not provide; the comparison is *not* a security ranking.',no,yes
BAS-03,baseline_fairness_risk,medium,P1,sec:eval:rq9 (Baseline comparison),RQ9 compares ten *internal* variants. The word 'baseline' may be misread as 'external system' if the reader is in a hurry.,Reviewer who jumps to RQ9 first may expect Slalom / Amulet rows and not find them; the external comparison is in RQ13.,Rename RQ9 prose 'mitigation-configuration comparison' or 'internal ablation baseline comparison' and add a one-line forward reference: 'External prior-work primitives are compared in RQ13.',no,yes
WRD-01,wording_risk,high,P0,"all sections (automated wording scan, see unsafe_wording_review.md)","Automated scan of the LaTeX body for dangerous words (secure, guarantee, private, protect, hide, outperform, SOTA, TEE-ready, GPU-ready, real-time, production, full system, reproduced).",Any single occurrence outside a 'we do not claim' clause is a quotable overclaim.,See unsafe_wording_review.md for per-occurrence classification (safe / risky / unsafe) and per-occurrence revision suggestion.,no,yes
